Time,Time Code,Country Name,Country Code,Universal Economic Fitness Metric [EF.EFM.UNIV.XD]
2019,YR2019,Afghanistan,AFG,0.014316894376722
2019,YR2019,Albania,ALB,0.024158577205849
2019,YR2019,Algeria,DZA,0.029852471328234
2019,YR2019,Angola,AGO,0.007684129739582
2019,YR2019,Argentina,ARG,0.527480335664856
2019,YR2019,Armenia,ARM,0.014741668915381
2019,YR2019,Australia,AUS,1.05580014931578
2019,YR2019,Austria,AUT,1.6128473152928
2019,YR2019,Azerbaijan,AZE,0.019779321794073
2019,YR2019,Bahrain,BHR,0.187990713894715
2019,YR2019,Bangladesh,BGD,0.365404682339058
2019,YR2019,Belarus,BLR,0.243163867948793
2019,YR2019,Belgium,BEL,3.61082908111792
2019,YR2019,Belize,BLZ,0.00352550737724
2019,YR2019,Benin,BEN,0.005189513371324
2019,YR2019,Bhutan,BTN,0.001041840361472
2019,YR2019,Bolivia,BOL,0.062702370110616
2019,YR2019,Bosnia and Herzegovina,BIH,0.0638035524764
2019,YR2019,Botswana,BWA,0.010617513779092
2019,YR2019,Brazil,BRA,1.7144939104935
2019,YR2019,Brunei Darussalam,BRN,0.005096252404061
2019,YR2019,Bulgaria,BGR,0.290005277989662
2019,YR2019,Burkina Faso,BFA,0.009629825647891
2019,YR2019,Burundi,BDI,0.00113428056159
2019,YR2019,Cabo Verde,CPV,0.00145996368612
2019,YR2019,Cambodia,KHM,0.173976103375153
2019,YR2019,Cameroon,CMR,0.017278681600053
2019,YR2019,Canada,CAN,3.02225093564477
2019,YR2019,Central African Republic,CAF,0.000668786594532
2019,YR2019,Chad,TCD,0.001770703332479
2019,YR2019,Chile,CHL,0.321403090088516
2019,YR2019,China,CHN,32.4613473691105
2019,YR2019,Colombia,COL,0.208855425333103
2019,YR2019,"Congo, Dem. Rep.",COD,0.030183756684866
2019,YR2019,"Congo, Rep.",COG,0.009977866878386
2019,YR2019,Costa Rica,CRI,0.105681151187042
2019,YR2019,Cote d'Ivoire,CIV,0.06454681005809
2019,YR2019,Croatia,HRV,0.158113531631761
2019,YR2019,Cyprus,CYP,0.065006628168315
2019,YR2019,Czech Republic,CZE,1.33022872989947
2019,YR2019,Denmark,DNK,1.42516369550053
2019,YR2019,Dominican Republic,DOM,0.060037854019156
2019,YR2019,Ecuador,ECU,0.080985518077203
2019,YR2019,"Egypt, Arab Rep.",EGY,0.30777741784775
2019,YR2019,El Salvador,SLV,0.065545373136973
2019,YR2019,Eritrea,ERI,0.000356273521197
2019,YR2019,Estonia,EST,0.141728360532023
2019,YR2019,Ethiopia,ETH,0.025942272677634
2019,YR2019,Fiji,FJI,0.007388818652147
2019,YR2019,Finland,FIN,0.791853654650162
2019,YR2019,France,FRA,7.21674120786138
2019,YR2019,French Polynesia,PYF,0.002458568501605
2019,YR2019,Gabon,GAB,0.004148478299119
2019,YR2019,"Gambia, The",GMB,0.001388381788213
2019,YR2019,Georgia,GEO,0.019870658357401
2019,YR2019,Germany,DEU,13.6898572771918
2019,YR2019,Ghana,GHA,0.060023485808578
2019,YR2019,Greece,GRC,0.341666928342011
2019,YR2019,Guatemala,GTM,0.102026009812003
2019,YR2019,Guinea,GIN,0.004754432090997
2019,YR2019,Guinea-Bissau,GNB,0.000554308856253
2019,YR2019,Guyana,GUY,0.006079060151364
2019,YR2019,Haiti,HTI,0.005650954800283
2019,YR2019,Honduras,HND,0.058297842439751
2019,YR2019,Hungary,HUN,0.723971689240342
2019,YR2019,Iceland,ISL,0.044458616072343
2019,YR2019,India,IND,2.90599742851252
2019,YR2019,Indonesia,IDN,1.91962157833086
2019,YR2019,"Iran, Islamic Rep.",IRN,0.157527637237195
2019,YR2019,Iraq,IRQ,0.019147816575397
2019,YR2019,Ireland,IRL,2.03498118235889
2019,YR2019,Israel,ISR,0.57690930098384
2019,YR2019,Italy,ITA,5.56772862911026
2019,YR2019,Jamaica,JAM,0.010557102640246
2019,YR2019,Japan,JPN,7.21725378970707
2019,YR2019,Jordan,JOR,0.080615182509912
2019,YR2019,Kazakhstan,KAZ,0.131809393632695
2019,YR2019,Kenya,KEN,0.083450279920259
2019,YR2019,"Korea, Rep.",KOR,3.75728572500227
2019,YR2019,Kuwait,KWT,0.079343962796655
2019,YR2019,Kyrgyz Republic,KGZ,0.010753463646237
2019,YR2019,Lao PDR,LAO,0.018258930859202
2019,YR2019,Latvia,LVA,0.114500855982864
2019,YR2019,Lebanon,LBN,0.103471196857363
2019,YR2019,Lesotho,LSO,0.003694531222452
2019,YR2019,Liberia,LBR,0.004063779991091
2019,YR2019,Libya,LBY,0.004854619765724
2019,YR2019,Lithuania,LTU,0.238485948464702
2019,YR2019,Luxembourg,LUX,0.599092512270262
2019,YR2019,Madagascar,MDG,0.032174557003758
2019,YR2019,Malawi,MWI,0.007086779070699
2019,YR2019,Malaysia,MYS,1.35153279206379
2019,YR2019,Maldives,MDV,0.001785294849281
2019,YR2019,Mali,MLI,0.008326926643118
2019,YR2019,Malta,MLT,0.109410584638057
2019,YR2019,Mauritania,MRT,0.004786723987958
2019,YR2019,Mauritius,MUS,0.028387798592531
2019,YR2019,Mexico,MEX,2.08468533120992
2019,YR2019,Moldova,MDA,0.02655651651858
2019,YR2019,Mongolia,MNG,0.018809918124538
2019,YR2019,Montenegro,MNE,0.005683388332614
2019,YR2019,Morocco,MAR,0.21300751320208
2019,YR2019,Mozambique,MOZ,0.020533079356259
2019,YR2019,Myanmar,MMR,0.075599452485673
2019,YR2019,Namibia,NAM,0.033827010887486
2019,YR2019,Nepal,NPL,0.030741041106081
2019,YR2019,Netherlands,NLD,5.24902163561782
2019,YR2019,New Zealand,NZL,0.511428319872436
2019,YR2019,Nicaragua,NIC,0.027307837592845
2019,YR2019,Niger,NER,0.003997714128135
2019,YR2019,Nigeria,NGA,0.062933976104906
2019,YR2019,North Macedonia,MKD,0.045015378377914
2019,YR2019,Norway,NOR,0.460431176759137
2019,YR2019,Oman,OMN,0.062190499215925
2019,YR2019,Pakistan,PAK,0.300456812276718
2019,YR2019,Panama,PAN,0.103526186478912
2019,YR2019,Papua New Guinea,PNG,0.014692071090066
2019,YR2019,Paraguay,PRY,0.055037781766164
2019,YR2019,Peru,PER,0.264045183837342
2019,YR2019,Philippines,PHL,0.427392255411841
2019,YR2019,Poland,POL,1.99088877246696
2019,YR2019,Portugal,PRT,1.71107096398723
2019,YR2019,Qatar,QAT,0.092791827218622
2019,YR2019,Romania,ROU,0.594777079673501
2019,YR2019,Russian Federation,RUS,1.22749981276366
2019,YR2019,Rwanda,RWA,0.005919227711006
2019,YR2019,Saudi Arabia,SAU,0.345907979188186
2019,YR2019,Senegal,SEN,0.030418622847271
2019,YR2019,Serbia,SRB,0.152147859940516
2019,YR2019,Seychelles,SYC,0.003944947716429
2019,YR2019,Sierra Leone,SLE,0.002229472105133
2019,YR2019,Singapore,SGP,2.03181250877997
2019,YR2019,Slovak Republic,SVK,0.436523444424256
2019,YR2019,Slovenia,SVN,0.259692514087437
2019,YR2019,South Africa,ZAF,0.48803688772579
2019,YR2019,Spain,ESP,3.1517665575762
2019,YR2019,Sri Lanka,LKA,0.14194493449284
2019,YR2019,Sudan,SDN,0.023513801119092
2019,YR2019,Suriname,SUR,0.00280574061801
2019,YR2019,Sweden,SWE,1.55535659219103
2019,YR2019,Switzerland,CHE,4.81588392592075
2019,YR2019,Syrian Arab Republic,SYR,0.024091257233321
2019,YR2019,Tajikistan,TJK,0.005457337592387
2019,YR2019,Tanzania,TZA,0.038361371630393
2019,YR2019,Thailand,THA,1.70385043111949
2019,YR2019,Togo,TGO,0.015927513569755
2019,YR2019,Tunisia,TUN,0.134407025359396
2019,YR2019,Turkey,TUR,1.7158479035386
2019,YR2019,Uganda,UGA,0.020866414578376
2019,YR2019,Ukraine,UKR,0.383780163280032
2019,YR2019,United Kingdom,GBR,6.87676001474043
2019,YR2019,United States,USA,17.7570731248879
2019,YR2019,Uruguay,URY,0.12484675339476
2019,YR2019,Uzbekistan,UZB,0.075788396307614
2019,YR2019,"Venezuela, RB",VEN,0.01827153047057
2019,YR2019,Vietnam,VNM,1.64850114999964
2019,YR2019,"Yemen, Rep.",YEM,0.005076319565733
2019,YR2019,Zambia,ZMB,0.042667893587208
2019,YR2019,Zimbabwe,ZWE,0.020268954843846
,,,,
,,,,
,,,,
Data from database: Economic Fitness 2,,,,
Last Updated: 07/21/2022,,,,
